slug,set,kind,external_i,name,display_na,sqmi,type,name_1,tempmean,tempmedian,tempstdev,ndvimean,ndvimedian,ndvistdev
acton,L.A. County Neighborhoods (V5),L.A. County Neighborhood (V5),acton,Acton,Acton L.A. County Neighborhood (V5),39.33910895,unincorporated-area,,43.49304976,43.62850952,2.494304468,0.120838344,0.118158191,0.028375154
adams-normandie,L.A. County Neighborhoods (V5),L.A. County Neighborhood (V5),adams-normandie,Adams-Normandie,Adams-Normandie L.A. County Neighborhood (V5),0.805350188,segment-of-a-city,,38.68936041,38.87968063,0.688030477,0.090941382,0.089848951,0.038410345
agoura-hills,L.A. County Neighborhoods (V5),L.A. County Neighborhood (V5),agoura-hills,Agoura Hills,Agoura Hills L.A. County Neighborhood (V5),8.146760298,standalone-city,,37.69252399,37.60651016,1.984164041,0.160054009,0.14836283,0.061792802
agua-dulce,L.A. County Neighborhoods (V5),L.A. County Neighborhood (V5),agua-dulce,Agua Dulce,Agua Dulce L.A. County Neighborhood (V5),31.46263195,unincorporated-area,,42.9334024,43.07024002,3.083019458,0.122387999,0.123562828,0.031598981
alhambra,L.A. County Neighborhoods (V5),L.A. County Neighborhood (V5),alhambra,Alhambra,Alhambra L.A. County Neighborhood (V5),7.623814306,standalone-city,,38.28326819,38.5043602,1.532698509,0.11824801,0.110932603,0.072718601
alondra-park,L.A. County Neighborhoods (V5),L.A. County Neighborhood (V5),alondra-park,Alondra Park,Alondra Park L.A. County Neighborhood (V5),1.139894231,unincorporated-area,,34.58163229,35.2436142,2.196699365,0.167415488,0.129420429,0.113048421
altadena,L.A. County Neighborhoods (V5),L.A. County Neighborhood (V5),altadena,Altadena,Altadena L.A. County Neighborhood (V5),8.710337672,unincorporated-area,,34.56599383,34.62901306,2.252671583,0.19068314,0.186563313,0.058795541
angeles-crest,L.A. County Neighborhoods (V5),L.A. County Neighborhood (V5),angeles-crest,Angeles Crest,Angeles Crest L.A. County Neighborhood (V5),430.4774911,unincorporated-area,,32.53321859,32.29291534,4.329983073,0.218677142,0.212698415,0.064692211
arcadia,L.A. County Neighborhoods (V5),L.A. County Neighborhood (V5),arcadia,Arcadia,Arcadia L.A. County Neighborhood (V5),11.15079692,standalone-city,,36.37598409,36.41200256,2.072723958,0.166348798,0.167178914,0.082474078
arleta,L.A. County Neighborhoods (V5),L.A. County Neighborhood (V5),arleta,Arleta,Arleta L.A. County Neighborhood (V5),3.096179176,segment-of-a-city,,39.88711044,39.92961121,1.060707718,0.115876228,0.114980027,0.042726436
arlington-heights,L.A. County Neighborhoods (V5),L.A. County Neighborhood (V5),arlington-heights,Arlington Heights,Arlington Heights L.A. County Neighborhood (V5),1.031415235,segment-of-a-city,,38.52022528,38.72413635,0.979401991,0.090757673,0.085739873,0.046756031
artesia,L.A. County Neighborhoods (V5),L.A. County Neighborhood (V5),artesia,Artesia,Artesia L.A. County Neighborhood (V5),1.632204177,standalone-city,,37.0773123,37.21890259,0.862711829,0.113241491,0.104819685,0.06792109
athens,L.A. County Neighborhoods (V5),L.A. County Neighborhood (V5),athens,Athens,Athens L.A. County Neighborhood (V5),1.332753323,unincorporated-area,,37.41076392,38.25426483,2.173106297,0.140143759,0.109806225,0.103659361
atwater-village,L.A. County Neighborhoods (V5),L.A. County Neighborhood (V5),atwater-village,Atwater Village,Atwater Village L.A. County Neighborhood (V5),1.776893945,segment-of-a-city,,37.09529111,37.44299316,1.870624803,0.114677762,0.115041599,0.065808437
avalon,L.A. County Neighborhoods (V5),L.A. County Neighborhood (V5),avalon,Avalon,Avalon L.A. County Neighborhood (V5),2.744696706,standalone-city,,,,,,,
avocado-heights,L.A. County Neighborhoods (V5),L.A. County Neighborhood (V5),avocado-heights,Avocado Heights,Avocado Heights L.A. County Neighborhood (V5),2.948458927,unincorporated-area,,37.52297169,37.7912941,1.812298836,0.133170743,0.128999278,0.071161837
azusa,L.A. County Neighborhoods (V5),L.A. County Neighborhood (V5),azusa,Azusa,Azusa L.A. County Neighborhood (V5),9.871435589,standalone-city,,37.33307943,38.00154877,2.877246239,0.121893753,0.118472591,0.071996011
baldwin-hillscrenshaw,L.A. County Neighborhoods (V5),L.A. County Neighborhood (V5),baldwin-hillscrenshaw,Baldwin Hills/Crenshaw,Baldwin Hills/Crenshaw L.A. County Neighborhood (V5),2.883704673,segment-of-a-city,,36.22272087,36.33820343,1.650667779,0.130185069,0.127847835,0.065563369
baldwin-park,L.A. County Neighborhoods (V5),L.A. County Neighborhood (V5),baldwin-park,Baldwin Park,Baldwin Park L.A. County Neighborhood (V5),6.778016136,standalone-city,,39.08417501,39.13072205,1.090320402,0.108778471,0.105167829,0.060159843
bel-air,L.A. County Neighborhoods (V5),L.A. County Neighborhood (V5),bel-air,Bel-Air,Bel-Air L.A. County Neighborhood (V5),6.373321431,segment-of-a-city,,32.00239188,31.75720787,2.050419733,0.208181206,0.198773444,0.07905291
bellflower,L.A. County Neighborhoods (V5),L.A. County Neighborhood (V5),bellflower,Bellflower,Bellflower L.A. County Neighborhood (V5),6.195311624,standalone-city,,37.34320832,37.50540924,0.922682584,0.113033426,0.110916726,0.05979093
bell-gardens,L.A. County Neighborhoods (V5),L.A. County Neighborhood (V5),bell-gardens,Bell Gardens,Bell Gardens L.A. County Neighborhood (V5),2.48028549,standalone-city,,38.23840666,38.4274559,1.264067863,0.109464131,0.10113503,0.067526531
bell,L.A. County Neighborhoods (V5),L.A. County Neighborhood (V5),bell,Bell,Bell L.A. County Neighborhood (V5),2.554028842,standalone-city,,38.7736744,38.78381729,1.377904844,0.084097316,0.078737617,0.048316005
beverly-crest,L.A. County Neighborhoods (V5),L.A. County Neighborhood (V5),beverly-crest,Beverly Crest,Beverly Crest L.A. County Neighborhood (V5),8.236092999,segment-of-a-city,,31.88901315,31.88207436,1.727284423,0.199172516,0.19462584,0.068526092
beverly-grove,L.A. County Neighborhoods (V5),L.A. County Neighborhood (V5),beverly-grove,Beverly Grove,Beverly Grove L.A. County Neighborhood (V5),1.648683133,segment-of-a-city,,36.22047509,36.08391953,1.107745304,0.114340806,0.118267335,0.05750684
beverly-hills,L.A. County Neighborhoods (V5),L.A. County Neighborhood (V5),beverly-hills,Beverly Hills,Beverly Hills L.A. County Neighborhood (V5),5.702241332,standalone-city,,33.27143615,32.96797943,1.697358596,0.183656603,0.1857979,0.077372241
beverlywood,L.A. County Neighborhoods (V5),L.A. County Neighborhood (V5),beverlywood,Beverlywood,Beverlywood L.A. County Neighborhood (V5),0.794341837,segment-of-a-city,,34.64000924,34.60810852,0.801351732,0.179165358,0.177906558,0.042683756
boyle-heights,L.A. County Neighborhoods (V5),L.A. County Neighborhood (V5),boyle-heights,Boyle Heights,Boyle Heights L.A. County Neighborhood (V5),6.519005309,segment-of-a-city,,38.7885223,39.02227783,1.683414612,0.079518987,0.071446165,0.052659283
bradbury,L.A. County Neighborhoods (V5),L.A. County Neighborhood (V5),bradbury,Bradbury,Bradbury L.A. County Neighborhood (V5),1.928422144,standalone-city,,33.545505,33.43415833,2.049715176,0.207427939,0.196400821,0.058247779
brentwood,L.A. County Neighborhoods (V5),L.A. County Neighborhood (V5),brentwood,Brentwood,Brentwood L.A. County Neighborhood (V5),15.22370141,segment-of-a-city,,31.39756594,31.31184196,2.093864293,0.208665827,0.19937107,0.072057046
broadway-manchester,L.A. County Neighborhoods (V5),L.A. County Neighborhood (V5),broadway-manchester,Broadway-Manchester,Broadway-Manchester L.A. County Neighborhood (V5),1.558485825,segment-of-a-city,,38.44096583,38.73905945,1.065546924,0.083733388,0.083702713,0.036028454
burbank,L.A. County Neighborhoods (V5),L.A. County Neighborhood (V5),burbank,Burbank,Burbank L.A. County Neighborhood (V5),17.34184248,standalone-city,,37.81600773,37.9500885,2.174403146,0.127353838,0.124764256,0.07004028
calabasas,L.A. County Neighborhoods (V5),L.A. County Neighborhood (V5),calabasas,Calabasas,Calabasas L.A. County Neighborhood (V5),18.54261351,standalone-city,,37.57543732,37.48389053,2.700650358,0.164241754,0.148425668,0.064386859
canoga-park,L.A. County Neighborhoods (V5),L.A. County Neighborhood (V5),canoga-park,Canoga Park,Canoga Park L.A. County Neighborhood (V5),4.348518125,segment-of-a-city,,40.45395703,40.31147003,1.419392877,0.117020767,0.114816099,0.070767365
carson,L.A. County Neighborhoods (V5),L.A. County Neighborhood (V5),carson,Carson,Carson L.A. County Neighborhood (V5),19.14958849,standalone-city,,37.46682879,37.66025162,1.71092215,0.083986494,0.072451741,0.064801828
carthay,L.A. County Neighborhoods (V5),L.A. County Neighborhood (V5),carthay,Carthay,Carthay L.A. County Neighborhood (V5),0.504675757,segment-of-a-city,,35.42068139,35.31804276,0.803492275,0.140659192,0.14795509,0.051980644
castaic-canyons,L.A. County Neighborhoods (V5),L.A. County Neighborhood (V5),castaic-canyons,Castaic Canyons,Castaic Canyons L.A. County Neighborhood (V5),192.7026366,unincorporated-area,,38.10852097,38.51076508,3.989394345,0.161306893,0.153408572,0.045804443
castaic,L.A. County Neighborhoods (V5),L.A. County Neighborhood (V5),castaic,Castaic,Castaic L.A. County Neighborhood (V5),5.476575183,unincorporated-area,,39.85047031,39.9401741,1.689675135,0.151369113,0.141671836,0.051188541
central-alameda,L.A. County Neighborhoods (V5),L.A. County Neighborhood (V5),central-alameda,Central-Alameda,Central-Alameda L.A. County Neighborhood (V5),2.182694848,segment-of-a-city,,39.45612146,39.29640198,1.029663075,0.074557681,0.072326168,0.043181676
century-city,L.A. County Neighborhoods (V5),L.A. County Neighborhood (V5),century-city,Century City,Century City L.A. County Neighborhood (V5),0.700611363,segment-of-a-city,,33.3158798,33.61948395,1.434497509,0.115814471,0.114755012,0.067035575
cerritos,L.A. County Neighborhoods (V5),L.A. County Neighborhood (V5),cerritos,Cerritos,Cerritos L.A. County Neighborhood (V5),8.858255458,standalone-city,,35.78262605,35.65899658,1.618716826,0.136097544,0.126907378,0.083325937
charter-oak,L.A. County Neighborhoods (V5),L.A. County Neighborhood (V5),charter-oak,Charter Oak,Charter Oak L.A. County Neighborhood (V5),0.921541249,unincorporated-area,,39.38734963,39.46717834,0.837584418,0.118515273,0.119096585,0.049685916
chatsworth,L.A. County Neighborhoods (V5),L.A. County Neighborhood (V5),chatsworth,Chatsworth,Chatsworth L.A. County Neighborhood (V5),15.24359666,segment-of-a-city,,38.89689413,38.76676941,2.222263254,0.147519862,0.152961209,0.065132335
chatsworth-reservoir,L.A. County Neighborhoods (V5),L.A. County Neighborhood (V5),chatsworth-reservoir,Chatsworth Reservoir,Chatsworth Reservoir L.A. County Neighborhood (V5),1.801092977,segment-of-a-city,,40.81215699,40.84655762,1.341172079,0.159109311,0.15739055,0.027602018
chesterfield-square,L.A. County Neighborhoods (V5),L.A. County Neighborhood (V5),chesterfield-square,Chesterfield Square,Chesterfield Square L.A. County Neighborhood (V5),0.633386374,segment-of-a-city,,37.82874088,37.83637619,0.708753515,0.092014828,0.097266369,0.044549069
cheviot-hills,L.A. County Neighborhoods (V5),L.A. County Neighborhood (V5),cheviot-hills,Cheviot Hills,Cheviot Hills L.A. County Neighborhood (V5),1.536433381,segment-of-a-city,,33.56657753,33.70595169,1.432901206,0.22001124,0.203043908,0.087961175
chinatown,L.A. County Neighborhoods (V5),L.A. County Neighborhood (V5),chinatown,Chinatown,Chinatown L.A. County Neighborhood (V5),0.909367075,segment-of-a-city,,38.58634413,38.74119186,1.231387136,0.062418353,0.042469829,0.061037653
citrus,L.A. County Neighborhoods (V5),L.A. County Neighborhood (V5),citrus,Citrus,Citrus L.A. County Neighborhood (V5),1.011550851,unincorporated-area,,39.46376614,39.54665756,0.849485274,0.136984108,0.136510983,0.043655189
claremont,L.A. County Neighborhoods (V5),L.A. County Neighborhood (V5),claremont,Claremont,Claremont L.A. County Neighborhood (V5),16.66168657,standalone-city,,36.00958141,36.24480438,2.267834169,0.174587913,0.169242248,0.06320662
commerce,L.A. County Neighborhoods (V5),L.A. County Neighborhood (V5),commerce,Commerce,Commerce L.A. County Neighborhood (V5),6.58056685,standalone-city,,39.87875711,39.72240448,1.653220198,0.053480758,0.040236417,0.047579677
compton,L.A. County Neighborhoods (V5),L.A. County Neighborhood (V5),compton,Compton,Compton L.A. County Neighborhood (V5),10.26041138,standalone-city,,38.16167298,38.16008759,1.27909222,0.106224272,0.104776815,0.063585465
covina,L.A. County Neighborhoods (V5),L.A. County Neighborhood (V5),covina,Covina,Covina L.A. County Neighborhood (V5),7.6040265,standalone-city,,39.00309718,39.25818634,1.547707508,0.128864799,0.125371009,0.069883402
cudahy,L.A. County Neighborhoods (V5),L.A. County Neighborhood (V5),cudahy,Cudahy,Cudahy L.A. County Neighborhood (V5),1.229035538,standalone-city,,38.69525426,38.9180069,1.25463746,0.088097357,0.082809396,0.04787011
culver-city,L.A. County Neighborhoods (V5),L.A. County Neighborhood (V5),culver-city,Culver City,Culver City L.A. County Neighborhood (V5),5.19276111,standalone-city,,34.50950618,34.54977798,1.234790045,0.12001151,0.115519367,0.069257719
cypress-park,L.A. County Neighborhoods (V5),L.A. County Neighborhood (V5),cypress-park,Cypress Park,Cypress Park L.A. County Neighborhood (V5),0.724461995,segment-of-a-city,,38.35922665,38.73479462,1.460207914,0.08730507,0.086434081,0.046518787
del-aire,L.A. County Neighborhoods (V5),L.A. County Neighborhood (V5),del-aire,Del Aire,Del Aire L.A. County Neighborhood (V5),0.989829124,unincorporated-area,,35.05520913,35.32242203,0.914207101,0.113863629,0.113592461,0.043656613
del-rey,L.A. County Neighborhoods (V5),L.A. County Neighborhood (V5),del-rey,Del Rey,Del Rey L.A. County Neighborhood (V5),2.452648329,segment-of-a-city,,34.04677153,34.27427292,1.13552326,0.11385616,0.115328468,0.051857139
desert-view-highlands,L.A. County Neighborhoods (V5),L.A. County Neighborhood (V5),desert-view-highlands,Desert View Highlands,Desert View Highlands L.A. County Neighborhood (V5),0.443173884,unincorporated-area,,43.14514453,43.35892868,1.071130498,0.125100672,0.121176019,0.054397424
diamond-bar,L.A. County Neighborhoods (V5),L.A. County Neighborhood (V5),diamond-bar,Diamond Bar,Diamond Bar L.A. County Neighborhood (V5),15.12603229,standalone-city,,36.44488237,36.23937225,2.483887397,0.149954619,0.141846299,0.060395171
downey,L.A. County Neighborhoods (V5),L.A. County Neighborhood (V5),downey,Downey,Downey L.A. County Neighborhood (V5),12.52947792,standalone-city,,37.3856843,37.50756454,1.311482158,0.13230675,0.130540907,0.075225155
downtown,L.A. County Neighborhoods (V5),L.A. County Neighborhood (V5),downtown,Downtown,Downtown L.A. County Neighborhood (V5),5.83816978,segment-of-a-city,,38.46371263,38.99036789,2.594452294,0.039506483,0.028537832,0.038860455
duarte,L.A. County Neighborhoods (V5),L.A. County Neighborhood (V5),duarte,Duarte,Duarte L.A. County Neighborhood (V5),6.688907714,standalone-city,,34.60395972,35.26332092,3.904398947,0.177431155,0.175865293,0.067847542
eagle-rock,L.A. County Neighborhoods (V5),L.A. County Neighborhood (V5),eagle-rock,Eagle Rock,Eagle Rock L.A. County Neighborhood (V5),4.250755919,segment-of-a-city,,36.5887657,36.67105865,1.485133104,0.135814098,0.136598557,0.054622998
east-compton,L.A. County Neighborhoods (V5),L.A. County Neighborhood (V5),east-compton,East Compton,East Compton L.A. County Neighborhood (V5),0.834359226,unincorporated-area,,37.61538363,37.64735413,0.524219097,0.122472529,0.122259416,0.042142428
east-hollywood,L.A. County Neighborhoods (V5),L.A. County Neighborhood (V5),east-hollywood,East Hollywood,East Hollywood L.A. County Neighborhood (V5),2.378736378,segment-of-a-city,,38.78709947,38.9180069,0.908736948,0.076874929,0.071928442,0.040942253
east-la-mirada,L.A. County Neighborhoods (V5),L.A. County Neighborhood (V5),east-la-mirada,East La Mirada,East La Mirada L.A. County Neighborhood (V5),1.110065245,unincorporated-area,,37.37898555,37.50540924,0.994392628,0.138354717,0.132523894,0.056496863
east-los-angeles,L.A. County Neighborhoods (V5),L.A. County Neighborhood (V5),east-los-angeles,East Los Angeles,East Los Angeles L.A. County Neighborhood (V5),7.465964364,unincorporated-area,,38.81462591,39.19871902,1.351634747,0.096261934,0.087807462,0.05791015
east-pasadena,L.A. County Neighborhoods (V5),L.A. County Neighborhood (V5),east-pasadena,East Pasadena,East Pasadena L.A. County Neighborhood (V5),1.307927124,unincorporated-area,,36.10576055,35.97618866,2.021077198,0.173371552,0.175222918,0.074684067
east-san-gabriel,L.A. County Neighborhoods (V5),L.A. County Neighborhood (V5),east-san-gabriel,East San Gabriel,East San Gabriel L.A. County Neighborhood (V5),2.182742317,unincorporated-area,,38.00064166,38.0979805,1.160603953,0.144930851,0.143971831,0.05139217
echo-park,L.A. County Neighborhoods (V5),L.A. County Neighborhood (V5),echo-park,Echo Park,Echo Park L.A. County Neighborhood (V5),2.39828121,segment-of-a-city,,36.57240665,36.94688797,1.746480702,0.129092296,0.125923485,0.05955956
elizabeth-lake,L.A. County Neighborhoods (V5),L.A. County Neighborhood (V5),elizabeth-lake,Elizabeth Lake,Elizabeth Lake L.A. County Neighborhood (V5),6.305567594,unincorporated-area,,41.30051551,41.61966324,3.09658,0.171550131,0.162967011,0.041293321
el-monte,L.A. County Neighborhoods (V5),L.A. County Neighborhood (V5),el-monte,El Monte,El Monte L.A. County Neighborhood (V5),9.69174809,standalone-city,,38.67887401,38.64096451,1.074230182,0.108426839,0.106078073,0.05966763
el-segundo,L.A. County Neighborhoods (V5),L.A. County Neighborhood (V5),el-segundo,El Segundo,El Segundo L.A. County Neighborhood (V5),5.45900813,standalone-city,,33.90513368,33.90969086,1.31513669,0.088003401,0.063716702,0.0733326
el-sereno,L.A. County Neighborhoods (V5),L.A. County Neighborhood (V5),el-sereno,El Sereno,El Sereno L.A. County Neighborhood (V5),4.167778899,segment-of-a-city,,38.24720772,38.40608597,1.363898142,0.123554565,0.123777859,0.050773929
elysian-park,L.A. County Neighborhoods (V5),L.A. County Neighborhood (V5),elysian-park,Elysian Park,Elysian Park L.A. County Neighborhood (V5),1.645084298,segment-of-a-city,,35.95753322,35.74845505,2.268353476,0.14631019,0.147226647,0.075448114
elysian-valley,L.A. County Neighborhoods (V5),L.A. County Neighborhood (V5),elysian-valley,Elysian Valley,Elysian Valley L.A. County Neighborhood (V5),0.789759467,segment-of-a-city,,36.8572883,37.16821289,1.486726412,0.112533041,0.100813642,0.06975302
encino,L.A. County Neighborhoods (V5),L.A. County Neighborhood (V5),encino,Encino,Encino L.A. County Neighborhood (V5),9.499707,segment-of-a-city,,35.71655934,35.5104866,2.570361572,0.171794415,0.173650846,0.066999167
exposition-park,L.A. County Neighborhoods (V5),L.A. County Neighborhood (V5),exposition-park,Exposition Park,Exposition Park L.A. County Neighborhood (V5),1.846790776,segment-of-a-city,,38.40966143,39.04993057,1.650633819,0.098911861,0.093775004,0.055130538
fairfax,L.A. County Neighborhoods (V5),L.A. County Neighborhood (V5),fairfax,Fairfax,Fairfax L.A. County Neighborhood (V5),1.233964773,segment-of-a-city,,37.01800813,37.07864761,1.115671703,0.12389526,0.127441093,0.066252711
florence-firestone,L.A. County Neighborhoods (V5),L.A. County Neighborhood (V5),florence-firestone,Florence-Firestone,Florence-Firestone L.A. County Neighborhood (V5),3.579486017,unincorporated-area,,38.63895484,38.7305336,0.79255158,0.09005202,0.088073522,0.052044237
florence,L.A. County Neighborhoods (V5),L.A. County Neighborhood (V5),florence,Florence,Florence L.A. County Neighborhood (V5),2.797678853,segment-of-a-city,,39.10067112,38.9605751,0.937193075,0.078262306,0.077357374,0.043133197
gardena,L.A. County Neighborhoods (V5),L.A. County Neighborhood (V5),gardena,Gardena,Gardena L.A. County Neighborhood (V5),5.843891847,standalone-city,,38.30230151,38.38471222,1.126080655,0.08350016,0.081604213,0.049685179
glassell-park,L.A. County Neighborhoods (V5),L.A. County Neighborhood (V5),glassell-park,Glassell Park,Glassell Park L.A. County Neighborhood (V5),2.752910105,segment-of-a-city,,37.12127443,37.34715271,2.07652123,0.142718761,0.124680847,0.091678145
glendale,L.A. County Neighborhoods (V5),L.A. County Neighborhood (V5),glendale,Glendale,Glendale L.A. County Neighborhood (V5),30.62798326,standalone-city,,35.05313208,35.14065552,2.744840836,0.150328694,0.15047057,0.064091291
glendora,L.A. County Neighborhoods (V5),L.A. County Neighborhood (V5),glendora,Glendora,Glendora L.A. County Neighborhood (V5),19.54134036,standalone-city,,35.1741722,36.08174133,3.653109679,0.169106769,0.167691454,0.062217794
gramercy-park,L.A. County Neighborhoods (V5),L.A. County Neighborhood (V5),gramercy-park,Gramercy Park,Gramercy Park L.A. County Neighborhood (V5),1.134038823,segment-of-a-city,,37.99569293,38.11511612,1.116077622,0.117495417,0.112714373,0.055946203
granada-hills,L.A. County Neighborhoods (V5),L.A. County Neighborhood (V5),granada-hills,Granada Hills,Granada Hills L.A. County Neighborhood (V5),15.11143206,segment-of-a-city,,38.29367686,38.48727417,2.024538985,0.149745298,0.150523826,0.065534263
green-meadows,L.A. County Neighborhoods (V5),L.A. County Neighborhood (V5),green-meadows,Green Meadows,Green Meadows L.A. County Neighborhood (V5),2.219852493,segment-of-a-city,,38.47518887,38.66442871,0.764270537,0.106615117,0.105032682,0.048499629
green-valley,L.A. County Neighborhoods (V5),L.A. County Neighborhood (V5),green-valley,Green Valley,Green Valley L.A. County Neighborhood (V5),2.605197709,unincorporated-area,,35.3179715,35.40336609,2.84526526,0.208429751,0.200962573,0.040698409
griffith-park,L.A. County Neighborhoods (V5),L.A. County Neighborhood (V5),griffith-park,Griffith Park,Griffith Park L.A. County Neighborhood (V5),5.833521803,segment-of-a-city,,33.73512054,33.59952164,1.994264475,0.188513529,0.173329204,0.085186436
hacienda-heights,L.A. County Neighborhoods (V5),L.A. County Neighborhood (V5),hacienda-heights,Hacienda Heights,Hacienda Heights L.A. County Neighborhood (V5),11.88705403,unincorporated-area,,35.8226906,36.03822327,2.433006015,0.154926781,0.148665339,0.059806056
hancock-park,L.A. County Neighborhoods (V5),L.A. County Neighborhood (V5),hancock-park,Hancock Park,Hancock Park L.A. County Neighborhood (V5),1.517979557,segment-of-a-city,,34.25806322,33.88534546,1.557180859,0.19777016,0.191724062,0.091523207
hansen-dam,L.A. County Neighborhoods (V5),L.A. County Neighborhood (V5),hansen-dam,Hansen Dam,Hansen Dam L.A. County Neighborhood (V5),1.961069236,segment-of-a-city,,36.5040606,36.98578262,3.258066962,0.192719949,0.159061551,0.11034089
harbor-city,L.A. County Neighborhoods (V5),L.A. County Neighborhood (V5),harbor-city,Harbor City,Harbor City L.A. County Neighborhood (V5),2.581320953,segment-of-a-city,,36.0117432,37.06137466,2.758621639,0.127962045,0.104365066,0.103589525
harbor-gateway,L.A. County Neighborhoods (V5),L.A. County Neighborhood (V5),harbor-gateway,Harbor Gateway,Harbor Gateway L.A. County Neighborhood (V5),5.140923125,segment-of-a-city,,38.16451454,38.21788406,1.504851718,0.084726109,0.080834955,0.054795683
harvard-heights,L.A. County Neighborhoods (V5),L.A. County Neighborhood (V5),harvard-heights,Harvard Heights,Harvard Heights L.A. County Neighborhood (V5),0.791828822,segment-of-a-city,,38.94479151,39.07119751,0.776875139,0.081389696,0.076502085,0.044938992
harvard-park,L.A. County Neighborhoods (V5),L.A. County Neighborhood (V5),harvard-park,Harvard Park,Harvard Park L.A. County Neighborhood (V5),0.640666412,segment-of-a-city,,38.95341745,38.9201355,0.739458185,0.102723186,0.100883774,0.044237434
hasley-canyon,L.A. County Neighborhoods (V5),L.A. County Neighborhood (V5),hasley-canyon,Hasley Canyon,Hasley Canyon L.A. County Neighborhood (V5),3.101984512,unincorporated-area,,40.96839937,41.10335541,1.678892046,0.164584088,0.154701099,0.038244105
hawaiian-gardens,L.A. County Neighborhoods (V5),L.A. County Neighborhood (V5),hawaiian-gardens,Hawaiian Gardens,Hawaiian Gardens L.A. County Neighborhood (V5),0.985072536,standalone-city,,36.51101346,36.55947876,0.768128134,0.099868001,0.094561189,0.062348208
hawthorne,L.A. County Neighborhoods (V5),L.A. County Neighborhood (V5),hawthorne,Hawthorne,Hawthorne L.A. County Neighborhood (V5),6.229634267,standalone-city,,36.24970094,36.42285156,1.29463769,0.079507728,0.07263092,0.051159371
hermosa-beach,L.A. County Neighborhoods (V5),L.A. County Neighborhood (V5),hermosa-beach,Hermosa Beach,Hermosa Beach L.A. County Neighborhood (V5),1.47762686,standalone-city,,32.36815299,32.56829834,0.953298891,0.08821781,0.068486542,0.062643108
hidden-hills,L.A. County Neighborhoods (V5),L.A. County Neighborhood (V5),hidden-hills,Hidden Hills,Hidden Hills L.A. County Neighborhood (V5),1.703973149,standalone-city,,36.70562443,36.49226761,1.361761712,0.229543864,0.227951616,0.055391973
highland-park,L.A. County Neighborhoods (V5),L.A. County Neighborhood (V5),highland-park,Highland Park,Highland Park L.A. County Neighborhood (V5),3.4194179,segment-of-a-city,,37.81467213,38.0744133,1.271668412,0.122191204,0.117841065,0.050569094
historic-south-central,L.A. County Neighborhoods (V5),L.A. County Neighborhood (V5),historic-south-central,Historic South-Central,Historic South-Central L.A. County Neighborhood (V5),2.553518984,segment-of-a-city,,39.54181322,39.51911163,1.154625687,0.067073487,0.061881084,0.043339208
hollywood-hills,L.A. County Neighborhoods (V5),L.A. County Neighborhood (V5),hollywood-hills,Hollywood Hills,Hollywood Hills L.A. County Neighborhood (V5),7.047640743,segment-of-a-city,,33.258286,33.29637909,1.997799521,0.178794996,0.171050042,0.077736429
hollywood-hills-west,L.A. County Neighborhoods (V5),L.A. County Neighborhood (V5),hollywood-hills-west,Hollywood Hills West,Hollywood Hills West L.A. County Neighborhood (V5),4.874574376,segment-of-a-city,,33.38673082,33.41083527,1.640382859,0.192097516,0.188221395,0.055263292
hollywood,L.A. County Neighborhoods (V5),L.A. County Neighborhood (V5),hollywood,Hollywood,Hollywood L.A. County Neighborhood (V5),3.506390221,segment-of-a-city,,37.57019184,37.82993698,1.357700744,0.087099546,0.07007651,0.063983706
huntington-park,L.A. County Neighborhoods (V5),L.A. County Neighborhood (V5),huntington-park,Huntington Park,Huntington Park L.A. County Neighborhood (V5),3.034666553,standalone-city,,39.024923,39.00526047,0.954251864,0.080925134,0.075779125,0.05075454
hyde-park,L.A. County Neighborhoods (V5),L.A. County Neighborhood (V5),hyde-park,Hyde Park,Hyde Park L.A. County Neighborhood (V5),2.884646416,segment-of-a-city,,36.93619915,36.97282028,0.693651039,0.107777375,0.110038683,0.042216767
industry,L.A. County Neighborhoods (V5),L.A. County Neighborhood (V5),industry,Industry,Industry L.A. County Neighborhood (V5),12.35035695,standalone-city,,39.36331479,39.72240448,2.720728802,0.087160771,0.062557578,0.083738397
inglewood,L.A. County Neighborhoods (V5),L.A. County Neighborhood (V5),inglewood,Inglewood,Inglewood L.A. County Neighborhood (V5),9.122682999,standalone-city,,35.79771573,36.15568924,1.489465472,0.111175096,0.100972354,0.073790215
irwindale,L.A. County Neighborhoods (V5),L.A. County Neighborhood (V5),irwindale,Irwindale,Irwindale L.A. County Neighborhood (V5),9.582259736,standalone-city,,37.65286305,38.10012054,3.156833126,0.070778722,0.069817469,0.065837816
jefferson-park,L.A. County Neighborhoods (V5),L.A. County Neighborhood (V5),jefferson-park,Jefferson Park,Jefferson Park L.A. County Neighborhood (V5),1.419020098,segment-of-a-city,,38.46413401,38.79660416,1.156605974,0.109351728,0.108491875,0.045630687
koreatown,L.A. County Neighborhoods (V5),L.A. County Neighborhood (V5),koreatown,Koreatown,Koreatown L.A. County Neighborhood (V5),2.700483115,segment-of-a-city,,38.4250496,38.7475853,1.200574087,0.073239876,0.062434193,0.048650246
la-canada-flintridge,L.A. County Neighborhoods (V5),L.A. County Neighborhood (V5),la-canada-flintridge,La Canada Flintridge,La Canada Flintridge L.A. County Neighborhood (V5),8.60460339,standalone-city,,33.20445619,33.39528275,2.081230124,0.202915765,0.20281738,0.065240392
la-crescenta-montrose,L.A. County Neighborhoods (V5),L.A. County Neighborhood (V5),la-crescenta-montrose,La Crescenta-Montrose,La Crescenta-Montrose L.A. County Neighborhood (V5),3.426444172,unincorporated-area,,35.19250544,35.53015137,2.185464534,0.163126339,0.165527344,0.058357055
ladera-heights,L.A. County Neighborhoods (V5),L.A. County Neighborhood (V5),ladera-heights,Ladera Heights,Ladera Heights L.A. County Neighborhood (V5),2.939737636,unincorporated-area,,34.86354201,35.24142456,1.583420081,0.139126037,0.127762467,0.064806152
la-habra-heights,L.A. County Neighborhoods (V5),L.A. County Neighborhood (V5),la-habra-heights,La Habra Heights,La Habra Heights L.A. County Neighborhood (V5),6.227265925,standalone-city,,33.93159386,33.9318161,1.641739075,0.211216106,0.203241006,0.067810121
lake-balboa,L.A. County Neighborhoods (V5),L.A. County Neighborhood (V5),lake-balboa,Lake Balboa,Lake Balboa L.A. County Neighborhood (V5),3.125854296,segment-of-a-city,,39.47529969,39.45975876,0.929317916,0.149462895,0.150536045,0.054953559
lake-hughes,L.A. County Neighborhoods (V5),L.A. County Neighborhood (V5),lake-hughes,Lake Hughes,Lake Hughes L.A. County Neighborhood (V5),9.384030521,unincorporated-area,,38.96536387,39.09033203,3.180505271,0.189386305,0.182254195,0.043145287
lake-los-angeles,L.A. County Neighborhoods (V5),L.A. County Neighborhood (V5),lake-los-angeles,Lake Los Angeles,Lake Los Angeles L.A. County Neighborhood (V5),6.958198095,unincorporated-area,,43.3059856,43.4659996,1.031305835,0.106045364,0.097255148,0.038139925
lake-view-terrace,L.A. County Neighborhoods (V5),L.A. County Neighborhood (V5),lake-view-terrace,Lake View Terrace,Lake View Terrace L.A. County Neighborhood (V5),4.231046636,segment-of-a-city,,39.69830569,39.61232376,1.888010915,0.138098534,0.138842866,0.040787328
lakewood,L.A. County Neighborhoods (V5),L.A. County Neighborhood (V5),lakewood,Lakewood,Lakewood L.A. County Neighborhood (V5),9.512487009,standalone-city,,36.0634842,36.22959518,1.179259601,0.142076107,0.136094674,0.070666892
la-mirada,L.A. County Neighborhoods (V5),L.A. County Neighborhood (V5),la-mirada,La Mirada,La Mirada L.A. County Neighborhood (V5),7.841249794,standalone-city,,36.97592021,37.27927017,1.889045976,0.135694799,0.130065829,0.082554756
lancaster,L.A. County Neighborhoods (V5),L.A. County Neighborhood (V5),lancaster,Lancaster,Lancaster L.A. County Neighborhood (V5),102.3996735,standalone-city,,42.01023039,42.12985229,2.795602066,0.112038923,0.09812855,0.066907263
la-puente,L.A. County Neighborhoods (V5),L.A. County Neighborhood (V5),la-puente,La Puente,La Puente L.A. County Neighborhood (V5),3.486849955,standalone-city,,39.27356906,39.599617,1.591275849,0.134272784,0.127124041,0.074183661
larchmont,L.A. County Neighborhoods (V5),L.A. County Neighborhood (V5),larchmont,Larchmont,Larchmont L.A. County Neighborhood (V5),0.486332165,segment-of-a-city,,37.42956472,37.14339828,1.24947223,0.117300637,0.117768958,0.054313079
la-verne,L.A. County Neighborhoods (V5),L.A. County Neighborhood (V5),la-verne,La Verne,La Verne L.A. County Neighborhood (V5),8.572950189,standalone-city,,36.7334671,37.18655014,2.548804773,0.151682847,0.147851929,0.077789942
lawndale,L.A. County Neighborhoods (V5),L.A. County Neighborhood (V5),lawndale,Lawndale,Lawndale L.A. County Neighborhood (V5),1.968465235,standalone-city,,35.63617942,35.73973083,0.70670259,0.091807838,0.08611542,0.05151507
leimert-park,L.A. County Neighborhoods (V5),L.A. County Neighborhood (V5),leimert-park,Leimert Park,Leimert Park L.A. County Neighborhood (V5),1.192529974,segment-of-a-city,,37.47677927,37.45375824,1.062311692,0.120569503,0.122036219,0.046139365
lennox,L.A. County Neighborhoods (V5),L.A. County Neighborhood (V5),lennox,Lennox,Lennox L.A. County Neighborhood (V5),1.064615677,unincorporated-area,,35.6667875,35.85528564,1.075213831,0.091249594,0.088088088,0.051272285
leona-valley,L.A. County Neighborhoods (V5),L.A. County Neighborhood (V5),leona-valley,Leona Valley,Leona Valley L.A. County Neighborhood (V5),15.32835887,unincorporated-area,,42.19772122,42.97938538,4.160988072,0.158026155,0.154858246,0.036241831
lincoln-heights,L.A. County Neighborhoods (V5),L.A. County Neighborhood (V5),lincoln-heights,Lincoln Heights,Lincoln Heights L.A. County Neighborhood (V5),2.510553937,segment-of-a-city,,38.47689264,38.69855118,1.475407621,0.082031577,0.070174262,0.056407645
littlerock,L.A. County Neighborhoods (V5),L.A. County Neighborhood (V5),littlerock,Littlerock,Littlerock L.A. County Neighborhood (V5),1.812873101,unincorporated-area,,44.76710257,44.84024429,1.692982151,0.109675134,0.099645041,0.044279388
lomita,L.A. County Neighborhoods (V5),L.A. County Neighborhood (V5),lomita,Lomita,Lomita L.A. County Neighborhood (V5),1.917182015,standalone-city,,37.24904888,37.41500092,0.927162066,0.115779643,0.11609371,0.053568654
long-beach,L.A. County Neighborhoods (V5),L.A. County Neighborhood (V5),long-beach,Long Beach,Long Beach L.A. County Neighborhood (V5),52.10036732,standalone-city,,34.7761322,35.18447876,2.322987391,0.114537957,0.107066654,0.08418392
lopezkagel-canyons,L.A. County Neighborhoods (V5),L.A. County Neighborhood (V5),lopezkagel-canyons,Lopez/Kagel Canyons,Lopez/Kagel Canyons L.A. County Neighborhood (V5),3.574419413,unincorporated-area,,38.88666221,39.08607864,1.965931056,0.146149014,0.14663814,0.030524397
los-feliz,L.A. County Neighborhoods (V5),L.A. County Neighborhood (V5),los-feliz,Los Feliz,Los Feliz L.A. County Neighborhood (V5),2.607955098,segment-of-a-city,,35.83900515,35.80733109,2.195114802,0.152280801,0.150388107,0.066665943
lynwood,L.A. County Neighborhoods (V5),L.A. County Neighborhood (V5),lynwood,Lynwood,Lynwood L.A. County Neighborhood (V5),4.900226983,standalone-city,,37.65319897,37.713974,0.947463023,0.108624809,0.111115664,0.055218253
malibu,L.A. County Neighborhoods (V5),L.A. County Neighborhood (V5),malibu,Malibu,Malibu L.A. County Neighborhood (V5),19.88633108,standalone-city,,31.15697382,31.21579361,2.142047208,0.193174801,0.183267057,0.067561422
manchester-square,L.A. County Neighborhoods (V5),L.A. County Neighborhood (V5),manchester-square,Manchester Square,Manchester Square L.A. County Neighborhood (V5),1.012641265,segment-of-a-city,,38.04546266,38.16651154,0.908489662,0.102579371,0.104978755,0.033866034
manhattan-beach,L.A. County Neighborhoods (V5),L.A. County Neighborhood (V5),manhattan-beach,Manhattan Beach,Manhattan Beach L.A. County Neighborhood (V5),3.970714343,standalone-city,,32.18640379,32.29964066,1.191826303,0.122198426,0.119867057,0.06691961
marina-del-rey,L.A. County Neighborhoods (V5),L.A. County Neighborhood (V5),marina-del-rey,Marina del Rey,Marina del Rey L.A. County Neighborhood (V5),1.454771686,unincorporated-area,,29.38955844,29.56228447,2.967049202,0.052056474,0.048043817,0.076046745
mar-vista,L.A. County Neighborhoods (V5),L.A. County Neighborhood (V5),mar-vista,Mar Vista,Mar Vista L.A. County Neighborhood (V5),2.895253856,segment-of-a-city,,34.23443182,34.15065384,0.763758946,0.150166443,0.153097272,0.055888571
mayflower-village,L.A. County Neighborhoods (V5),L.A. County Neighborhood (V5),mayflower-village,Mayflower Village,Mayflower Village L.A. County Neighborhood (V5),1.2153793,unincorporated-area,,38.40502943,38.41036224,0.687276166,0.150263711,0.148688287,0.046847959
maywood,L.A. County Neighborhoods (V5),L.A. County Neighborhood (V5),maywood,Maywood,Maywood L.A. County Neighborhood (V5),1.18806819,standalone-city,,39.2627846,39.2518158,0.686277319,0.091156702,0.09309262,0.044316632
mid-city,L.A. County Neighborhoods (V5),L.A. County Neighborhood (V5),mid-city,Mid-City,Mid-City L.A. County Neighborhood (V5),3.46810948,segment-of-a-city,,36.75208255,36.72843552,0.903432031,0.108236324,0.107630685,0.048768401
mid-wilshire,L.A. County Neighborhoods (V5),L.A. County Neighborhood (V5),mid-wilshire,Mid-Wilshire,Mid-Wilshire L.A. County Neighborhood (V5),2.781168985,segment-of-a-city,,36.17055257,36.26218796,1.359662032,0.131665835,0.130262643,0.063685637
mission-hills,L.A. County Neighborhoods (V5),L.A. County Neighborhood (V5),mission-hills,Mission Hills,Mission Hills L.A. County Neighborhood (V5),3.187497589,segment-of-a-city,,38.97655033,39.43219376,1.727794676,0.139162882,0.125233188,0.083047027
monrovia,L.A. County Neighborhoods (V5),L.A. County Neighborhood (V5),monrovia,Monrovia,Monrovia L.A. County Neighborhood (V5),13.92996197,standalone-city,,32.76508203,32.19874191,4.296081224,0.202426576,0.205610842,0.077618047
montebello,L.A. County Neighborhoods (V5),L.A. County Neighborhood (V5),montebello,Montebello,Montebello L.A. County Neighborhood (V5),8.454300038,standalone-city,,37.97035147,38.35264969,1.939454961,0.115555319,0.10826163,0.077353525
montecito-heights,L.A. County Neighborhoods (V5),L.A. County Neighborhood (V5),montecito-heights,Montecito Heights,Montecito Heights L.A. County Neighborhood (V5),2.409644225,segment-of-a-city,,36.17031577,36.08826828,1.97343442,0.149722507,0.147414967,0.048607842
monterey-park,L.A. County Neighborhoods (V5),L.A. County Neighborhood (V5),monterey-park,Monterey Park,Monterey Park L.A. County Neighborhood (V5),7.660885387,standalone-city,,38.12920257,38.46591187,1.609534241,0.116350798,0.110793345,0.055477047
mount-washington,L.A. County Neighborhoods (V5),L.A. County Neighborhood (V5),mount-washington,Mount Washington,Mount Washington L.A. County Neighborhood (V5),1.850403893,segment-of-a-city,,35.92149662,35.83785248,1.543996234,0.16836987,0.165984586,0.043308372
northeast-antelope-valley,L.A. County Neighborhoods (V5),L.A. County Neighborhood (V5),northeast-antelope-valley,Northeast Antelope Valley,Northeast Antelope Valley L.A. County Neighborhood (V5),441.9756417,unincorporated-area,,44.05074495,44.46475983,2.220612779,0.084222131,0.078960225,0.046890483
north-el-monte,L.A. County Neighborhoods (V5),L.A. County Neighborhood (V5),north-el-monte,North El Monte,North El Monte L.A. County Neighborhood (V5),0.426770341,unincorporated-area,,38.48394848,38.61215973,0.731914325,0.149201406,0.143622994,0.057114652
north-hills,L.A. County Neighborhoods (V5),L.A. County Neighborhood (V5),north-hills,North Hills,North Hills L.A. County Neighborhood (V5),5.308118012,segment-of-a-city,,39.60814162,39.54454041,1.176111634,0.129090273,0.130228534,0.056649207
north-hollywood,L.A. County Neighborhoods (V5),L.A. County Neighborhood (V5),north-hollywood,North Hollywood,North Hollywood L.A. County Neighborhood (V5),5.869115469,segment-of-a-city,,39.01365886,39.13497162,1.589746929,0.101053127,0.093402967,0.065681106
northridge,L.A. County Neighborhoods (V5),L.A. County Neighborhood (V5),northridge,Northridge,Northridge L.A. County Neighborhood (V5),9.467487439,segment-of-a-city,,39.03292129,38.9158783,1.658046037,0.15066036,0.15302968,0.068595655
northwest-antelope-valley,L.A. County Neighborhoods (V5),L.A. County Neighborhood (V5),northwest-antelope-valley,Northwest Antelope Valley,Northwest Antelope Valley L.A. County Neighborhood (V5),213.8584606,unincorporated-area,,39.4084668,39.7647171,3.031176328,0.128455902,0.125618652,0.035964015
northwest-palmdale,L.A. County Neighborhoods (V5),L.A. County Neighborhood (V5),northwest-palmdale,Northwest Palmdale,Northwest Palmdale L.A. County Neighborhood (V5),5.785329398,unincorporated-area,,44.56917762,44.65467072,1.250105366,0.121434991,0.114248283,0.037765587
north-whittier,L.A. County Neighborhoods (V5),L.A. County Neighborhood (V5),north-whittier,North Whittier,North Whittier L.A. County Neighborhood (V5),5.459939698,unincorporated-area,,33.25116309,33.03929901,2.330474015,0.178035971,0.149962693,0.08823613
norwalk,L.A. County Neighborhoods (V5),L.A. County Neighborhood (V5),norwalk,Norwalk,Norwalk L.A. County Neighborhood (V5),9.763759386,standalone-city,,37.45903432,37.62371063,1.086255741,0.114856476,0.110592477,0.065871158
pacific-palisades,L.A. County Neighborhoods (V5),L.A. County Neighborhood (V5),pacific-palisades,Pacific Palisades,Pacific Palisades L.A. County Neighborhood (V5),22.83760138,segment-of-a-city,,29.97690411,29.94206429,1.956960328,0.202805495,0.196927547,0.05468753
pacoima,L.A. County Neighborhoods (V5),L.A. County Neighborhood (V5),pacoima,Pacoima,Pacoima L.A. County Neighborhood (V5),7.137553957,segment-of-a-city,,40.15408575,40.32621384,1.22330793,0.093024864,0.091697477,0.053575577
palmdale,L.A. County Neighborhoods (V5),L.A. County Neighborhood (V5),palmdale,Palmdale,Palmdale L.A. County Neighborhood (V5),134.4176815,standalone-city,,43.98990028,44.93395615,3.728084283,0.110762511,0.09024711,0.07736565
palms,L.A. County Neighborhoods (V5),L.A. County Neighborhood (V5),palms,Palms,Palms L.A. County Neighborhood (V5),1.945359016,segment-of-a-city,,35.67473776,35.78116608,0.937083694,0.103739649,0.094140835,0.058416147
palos-verdes-estates,L.A. County Neighborhoods (V5),L.A. County Neighborhood (V5),palos-verdes-estates,Palos Verdes Estates,Palos Verdes Estates L.A. County Neighborhood (V5),4.727204079,standalone-city,,29.74454216,29.98774147,1.960924566,0.220506966,0.216616362,0.072542084
panorama-city,L.A. County Neighborhoods (V5),L.A. County Neighborhood (V5),panorama-city,Panorama City,Panorama City L.A. County Neighborhood (V5),3.647995715,segment-of-a-city,,40.11753993,39.98875427,1.014887819,0.101187844,0.103899054,0.051001225
paramount,L.A. County Neighborhoods (V5),L.A. County Neighborhood (V5),paramount,Paramount,Paramount L.A. County Neighborhood (V5),4.854627177,standalone-city,,37.36290352,37.49250031,1.289507451,0.096893252,0.090028897,0.062093359
pasadena,L.A. County Neighborhoods (V5),L.A. County Neighborhood (V5),pasadena,Pasadena,Pasadena L.A. County Neighborhood (V5),25.1460637,standalone-city,,35.22623605,35.58039474,2.51592843,0.17048157,0.169378042,0.079558522
pico-rivera,L.A. County Neighborhoods (V5),L.A. County Neighborhood (V5),pico-rivera,Pico Rivera,Pico Rivera L.A. County Neighborhood (V5),8.786882889,standalone-city,,38.5904422,38.4680481,1.572084766,0.120225378,0.117463432,0.066030534
pico-robertson,L.A. County Neighborhoods (V5),L.A. County Neighborhood (V5),pico-robertson,Pico-Robertson,Pico-Robertson L.A. County Neighborhood (V5),1.031556447,segment-of-a-city,,36.03969014,36.1089325,0.896369935,0.114619896,0.114511475,0.052017448
pico-union,L.A. County Neighborhoods (V5),L.A. County Neighborhood (V5),pico-union,Pico-Union,Pico-Union L.A. County Neighborhood (V5),1.669468887,segment-of-a-city,,39.17052591,39.30701828,0.917866889,0.073036784,0.063752592,0.049242824
playa-del-rey,L.A. County Neighborhoods (V5),L.A. County Neighborhood (V5),playa-del-rey,Playa del Rey,Playa del Rey L.A. County Neighborhood (V5),2.754293106,segment-of-a-city,,32.26043124,32.61748886,2.128382923,0.103792188,0.099441923,0.067469031
playa-vista,L.A. County Neighborhoods (V5),L.A. County Neighborhood (V5),playa-vista,Playa Vista,Playa Vista L.A. County Neighborhood (V5),1.299291765,segment-of-a-city,,32.89175082,32.7671814,1.520771929,0.103435901,0.093069367,0.06568685
pomona,L.A. County Neighborhoods (V5),L.A. County Neighborhood (V5),pomona,Pomona,Pomona L.A. County Neighborhood (V5),22.92038585,standalone-city,,39.00986754,39.34733963,1.863929687,0.127728071,0.121834517,0.074703659
porter-ranch,L.A. County Neighborhoods (V5),L.A. County Neighborhood (V5),porter-ranch,Porter Ranch,Porter Ranch L.A. County Neighborhood (V5),5.586169659,segment-of-a-city,,37.30509302,37.34392166,1.415535175,0.174158286,0.16377151,0.069792792
quartz-hill,L.A. County Neighborhoods (V5),L.A. County Neighborhood (V5),quartz-hill,Quartz Hill,Quartz Hill L.A. County Neighborhood (V5),3.778774334,unincorporated-area,,42.15545403,42.03836823,1.618804035,0.134327566,0.124671012,0.049817424
ramona,L.A. County Neighborhoods (V5),L.A. County Neighborhood (V5),ramona,Ramona,Ramona L.A. County Neighborhood (V5),3.612575053,unincorporated-area,,35.7561025,35.25675201,2.41959626,0.184402708,0.169445217,0.087916647
rancho-dominguez,L.A. County Neighborhoods (V5),L.A. County Neighborhood (V5),rancho-dominguez,Rancho Dominguez,Rancho Dominguez L.A. County Neighborhood (V5),2.666427561,unincorporated-area,,38.34950164,38.37616348,1.863813089,0.066262847,0.04906204,0.057681888
rancho-palos-verdes,L.A. County Neighborhoods (V5),L.A. County Neighborhood (V5),rancho-palos-verdes,Rancho Palos Verdes,Rancho Palos Verdes L.A. County Neighborhood (V5),13.39404787,standalone-city,,32.68239264,32.62643051,2.140018898,0.192102966,0.182007357,0.069819539
rancho-park,L.A. County Neighborhoods (V5),L.A. County Neighborhood (V5),rancho-park,Rancho Park,Rancho Park L.A. County Neighborhood (V5),0.599121036,segment-of-a-city,,34.38618946,34.34485626,0.811913202,0.147775859,0.155159205,0.059382007
redondo-beach,L.A. County Neighborhoods (V5),L.A. County Neighborhood (V5),redondo-beach,Redondo Beach,Redondo Beach L.A. County Neighborhood (V5),6.245558821,standalone-city,,33.19460532,33.35528564,1.472736326,0.106408284,0.100161597,0.058160087
reseda,L.A. County Neighborhoods (V5),L.A. County Neighborhood (V5),reseda,Reseda,Reseda L.A. County Neighborhood (V5),5.865490892,segment-of-a-city,,39.90437602,39.9084816,1.147027091,0.145588796,0.147590995,0.059075011
ridge-route,L.A. County Neighborhoods (V5),L.A. County Neighborhood (V5),ridge-route,Ridge Route,Ridge Route L.A. County Neighborhood (V5),292.6732068,unincorporated-area,,35.22667029,35.17571259,4.255227479,0.165667488,0.158500239,0.059817349
rolling-hills-estates,L.A. County Neighborhoods (V5),L.A. County Neighborhood (V5),rolling-hills-estates,Rolling Hills Estates,Rolling Hills Estates L.A. County Neighborhood (V5),3.814348021,standalone-city,,33.95880208,33.61504745,2.400599206,0.214516528,0.209988296,0.080193606
rolling-hills,L.A. County Neighborhoods (V5),L.A. County Neighborhood (V5),rolling-hills,Rolling Hills,Rolling Hills L.A. County Neighborhood (V5),3.602126313,standalone-city,,31.91579392,31.9495182,1.587143661,0.233131958,0.232965603,0.057641877
rosemead,L.A. County Neighborhoods (V5),L.A. County Neighborhood (V5),rosemead,Rosemead,Rosemead L.A. County Neighborhood (V5),5.15664047,standalone-city,,38.66023517,38.85625458,1.116273844,0.111897241,0.105529293,0.060083167
rowland-heights,L.A. County Neighborhoods (V5),L.A. County Neighborhood (V5),rowland-heights,Rowland Heights,Rowland Heights L.A. County Neighborhood (V5),13.18534886,unincorporated-area,,36.79135105,36.82148743,2.274431293,0.143574311,0.135594368,0.057817669
san-dimas,L.A. County Neighborhoods (V5),L.A. County Neighborhood (V5),san-dimas,San Dimas,San Dimas L.A. County Neighborhood (V5),15.62820379,standalone-city,,36.11988103,36.40874481,2.883210357,0.155876165,0.149904028,0.075153683
san-fernando,L.A. County Neighborhoods (V5),L.A. County Neighborhood (V5),san-fernando,San Fernando,San Fernando L.A. County Neighborhood (V5),2.387760634,standalone-city,,40.07780583,39.97819519,1.073473846,0.11503368,0.11600472,0.058776771
san-gabriel,L.A. County Neighborhoods (V5),L.A. County Neighborhood (V5),san-gabriel,San Gabriel,San Gabriel L.A. County Neighborhood (V5),4.166896735,standalone-city,,37.78840417,38.41891098,1.93349972,0.13939973,0.125704616,0.087783893
san-marino,L.A. County Neighborhoods (V5),L.A. County Neighborhood (V5),san-marino,San Marino,San Marino L.A. County Neighborhood (V5),3.784169336,standalone-city,,33.95307166,33.99595642,1.703210808,0.219147534,0.217000782,0.062724478
san-pasqual,L.A. County Neighborhoods (V5),L.A. County Neighborhood (V5),san-pasqual,San Pasqual,San Pasqual L.A. County Neighborhood (V5),0.259126738,unincorporated-area,,35.99592769,35.8781662,1.164205709,0.183417147,0.188257158,0.047912218
san-pedro,L.A. County Neighborhoods (V5),L.A. County Neighborhood (V5),san-pedro,San Pedro,San Pedro L.A. County Neighborhood (V5),12.0587182,segment-of-a-city,,34.14840407,34.21910095,2.338257499,0.101243683,0.095044129,0.072469583
santa-clarita,L.A. County Neighborhoods (V5),L.A. County Neighborhood (V5),santa-clarita,Santa Clarita,Santa Clarita L.A. County Neighborhood (V5),57.35137877,standalone-city,,39.77796719,39.91693497,2.553495306,0.151995695,0.143682688,0.067505559
santa-fe-springs,L.A. County Neighborhoods (V5),L.A. County Neighborhood (V5),santa-fe-springs,Santa Fe Springs,Santa Fe Springs L.A. County Neighborhood (V5),8.855451591,standalone-city,,38.45575489,38.50222397,1.614870017,0.073713364,0.055385113,0.063724314
santa-monica,L.A. County Neighborhoods (V5),L.A. County Neighborhood (V5),santa-monica,Santa Monica,Santa Monica L.A. County Neighborhood (V5),8.56505645,standalone-city,,33.31465294,33.53517914,1.679165651,0.127257387,0.117590219,0.075465359
sawtelle,L.A. County Neighborhoods (V5),L.A. County Neighborhood (V5),sawtelle,Sawtelle,Sawtelle L.A. County Neighborhood (V5),2.691180945,segment-of-a-city,,35.33651021,35.35305405,1.070737391,0.099928417,0.089480788,0.059834352
sepulveda-basin,L.A. County Neighborhoods (V5),L.A. County Neighborhood (V5),sepulveda-basin,Sepulveda Basin,Sepulveda Basin L.A. County Neighborhood (V5),3.136558653,segment-of-a-city,,36.45183377,36.34905624,2.953875017,0.233036556,0.195069835,0.13296699
shadow-hills,L.A. County Neighborhoods (V5),L.A. County Neighborhood (V5),shadow-hills,Shadow Hills,Shadow Hills L.A. County Neighborhood (V5),12.80687163,segment-of-a-city,,38.09866481,38.17079163,2.528020541,0.138489635,0.131128177,0.051175452
sherman-oaks,L.A. County Neighborhoods (V5),L.A. County Neighborhood (V5),sherman-oaks,Sherman Oaks,Sherman Oaks L.A. County Neighborhood (V5),9.14693779,segment-of-a-city,,35.80262868,36.37184906,2.303589563,0.163204811,0.165496707,0.06737623
sierra-madre,L.A. County Neighborhoods (V5),L.A. County Neighborhood (V5),sierra-madre,Sierra Madre,Sierra Madre L.A. County Neighborhood (V5),2.968793742,standalone-city,,34.79859622,34.83786774,1.814759236,0.189809087,0.1893996,0.047006153
signal-hill,L.A. County Neighborhoods (V5),L.A. County Neighborhood (V5),signal-hill,Signal Hill,Signal Hill L.A. County Neighborhood (V5),2.223395518,standalone-city,,35.89937375,36.0186348,1.222118517,0.088341208,0.080540188,0.054364758
silver-lake,L.A. County Neighborhoods (V5),L.A. County Neighborhood (V5),silver-lake,Silver Lake,Silver Lake L.A. County Neighborhood (V5),2.749106009,segment-of-a-city,,35.33189353,35.6655426,2.152347122,0.133381039,0.137237325,0.066174035
south-diamond-bar,L.A. County Neighborhoods (V5),L.A. County Neighborhood (V5),south-diamond-bar,South Diamond Bar,South Diamond Bar L.A. County Neighborhood (V5),5.34934511,unincorporated-area,,35.14156847,34.94985199,2.076620214,0.151590964,0.148121521,0.030789856
southeast-antelope-valley,L.A. County Neighborhoods (V5),L.A. County Neighborhood (V5),southeast-antelope-valley,Southeast Antelope Valley,Southeast Antelope Valley L.A. County Neighborhood (V5),192.9604651,unincorporated-area,,39.85823329,41.30844116,4.975483121,0.126985124,0.112497069,0.054738464
south-el-monte,L.A. County Neighborhoods (V5),L.A. County Neighborhood (V5),south-el-monte,South El Monte,South El Monte L.A. County Neighborhood (V5),2.927779691,standalone-city,,39.15056712,39.09458542,1.250786849,0.085860178,0.070787802,0.060651241
south-gate,L.A. County Neighborhoods (V5),L.A. County Neighborhood (V5),south-gate,South Gate,South Gate L.A. County Neighborhood (V5),7.448373115,standalone-city,,37.96849794,38.08940887,1.286570409,0.10336274,0.099287607,0.068006528
south-park,L.A. County Neighborhoods (V5),L.A. County Neighborhood (V5),south-park,South Park,South Park L.A. County Neighborhood (V5),1.409351761,segment-of-a-city,,39.18815924,39.24969482,0.590790432,0.083070708,0.081058837,0.040410606
south-pasadena,L.A. County Neighborhoods (V5),L.A. County Neighborhood (V5),south-pasadena,South Pasadena,South Pasadena L.A. County Neighborhood (V5),3.416418904,standalone-city,,35.22576172,35.31147766,1.710829838,0.172275055,0.168925315,0.068227234
south-san-gabriel,L.A. County Neighborhoods (V5),L.A. County Neighborhood (V5),south-san-gabriel,South San Gabriel,South San Gabriel L.A. County Neighborhood (V5),1.419002523,unincorporated-area,,36.95603759,37.40208054,1.843522585,0.183185863,0.148967758,0.104779871
south-san-jose-hills,L.A. County Neighborhoods (V5),L.A. County Neighborhood (V5),south-san-jose-hills,South San Jose Hills,South San Jose Hills L.A. County Neighborhood (V5),1.484450282,unincorporated-area,,39.41139393,39.62714767,1.272063008,0.126730394,0.122958325,0.057931932
south-whittier,L.A. County Neighborhoods (V5),L.A. County Neighborhood (V5),south-whittier,South Whittier,South Whittier L.A. County Neighborhood (V5),5.37231812,unincorporated-area,,37.5962185,37.84710693,1.232067025,0.141488727,0.133929089,0.065725526
stevenson-ranch,L.A. County Neighborhoods (V5),L.A. County Neighborhood (V5),stevenson-ranch,Stevenson Ranch,Stevenson Ranch L.A. County Neighborhood (V5),3.11369076,unincorporated-area,,37.9349645,37.64520645,1.511654387,0.202426635,0.184188589,0.081787643
studio-city,L.A. County Neighborhoods (V5),L.A. County Neighborhood (V5),studio-city,Studio City,Studio City L.A. County Neighborhood (V5),6.307925243,segment-of-a-city,,34.55154932,34.76755524,2.100643557,0.166859434,0.170556694,0.068536758
sunland,L.A. County Neighborhoods (V5),L.A. County Neighborhood (V5),sunland,Sunland,Sunland L.A. County Neighborhood (V5),4.004117355,segment-of-a-city,,38.3713701,38.45950317,1.615531997,0.149619781,0.143127456,0.065354644
sun-valley,L.A. County Neighborhoods (V5),L.A. County Neighborhood (V5),sun-valley,Sun Valley,Sun Valley L.A. County Neighborhood (V5),9.423924198,segment-of-a-city,,39.78830009,39.80278778,1.18761493,0.087497289,0.083854519,0.051705502
sun-village,L.A. County Neighborhoods (V5),L.A. County Neighborhood (V5),sun-village,Sun Village,Sun Village L.A. County Neighborhood (V5),10.22907644,unincorporated-area,,44.62258284,44.63630295,1.506016746,0.109949928,0.096190304,0.047715585
sylmar,L.A. County Neighborhoods (V5),L.A. County Neighborhood (V5),sylmar,Sylmar,Sylmar L.A. County Neighborhood (V5),12.45638753,segment-of-a-city,,38.97222271,39.23270416,1.694261708,0.133810576,0.132266447,0.060919366
tarzana,L.A. County Neighborhoods (V5),L.A. County Neighborhood (V5),tarzana,Tarzana,Tarzana L.A. County Neighborhood (V5),8.790901616,segment-of-a-city,,36.25394379,36.26218796,2.625618621,0.184999561,0.176645637,0.076903928
temple-city,L.A. County Neighborhoods (V5),L.A. County Neighborhood (V5),temple-city,Temple City,Temple City L.A. County Neighborhood (V5),3.979992282,standalone-city,,38.38329461,38.3654747,0.791122714,0.134835299,0.133925468,0.052383772
toluca-lake,L.A. County Neighborhoods (V5),L.A. County Neighborhood (V5),toluca-lake,Toluca Lake,Toluca Lake L.A. County Neighborhood (V5),1.217227768,segment-of-a-city,,35.23080334,35.53889084,2.255078483,0.198106125,0.174442276,0.126926301
topanga,L.A. County Neighborhoods (V5),L.A. County Neighborhood (V5),topanga,Topanga,Topanga L.A. County Neighborhood (V5),19.23796825,unincorporated-area,,31.77360106,31.6378479,2.922321757,0.191547852,0.186372116,0.049913638
torrance,L.A. County Neighborhoods (V5),L.A. County Neighborhood (V5),torrance,Torrance,Torrance L.A. County Neighborhood (V5),20.58324002,standalone-city,,35.45641731,35.39680481,1.837322933,0.114882413,0.11271292,0.064499233
tujunga-canyons,L.A. County Neighborhoods (V5),L.A. County Neighborhood (V5),tujunga-canyons,Tujunga Canyons,Tujunga Canyons L.A. County Neighborhood (V5),229.8933738,unincorporated-area,,37.17833048,37.30944443,4.32563612,0.17446547,0.167854726,0.049532366
tujunga,L.A. County Neighborhoods (V5),L.A. County Neighborhood (V5),tujunga,Tujunga,Tujunga L.A. County Neighborhood (V5),10.01581771,segment-of-a-city,,35.63711315,36.07304001,3.58175975,0.157414539,0.154811457,0.049567243
unincorporated-catalina-island,L.A. County Neighborhoods (V5),L.A. County Neighborhood (V5),unincorporated-catalina-island,Unincorporated Catalina Island,Unincorporated Catalina Island L.A. County Neighborhood (V5),72.50200303,unincorporated-area,,,,,,,
unincorporated-santa-monica-mountains,L.A. County Neighborhoods (V5),L.A. County Neighborhood (V5),unincorporated-santa-monica-mountains,Unincorporated Santa Monica Mountains,Unincorporated Santa Monica Mountains L.A. County Neighborhood (V5),89.25608288,unincorporated-area,,31.74002752,31.29828644,3.135160048,0.197121857,0.191874996,0.049389859
unincorporated-santa-susana-mountains,L.A. County Neighborhoods (V5),L.A. County Neighborhood (V5),unincorporated-santa-susana-mountains,Unincorporated Santa Susana Mountains,Unincorporated Santa Susana Mountains L.A. County Neighborhood (V5),78.10786888,unincorporated-area,,37.53320697,37.73330688,3.674245353,0.16271226,0.154707551,0.05515625
universal-city,L.A. County Neighborhoods (V5),L.A. County Neighborhood (V5),universal-city,Universal City,Universal City L.A. County Neighborhood (V5),0.480371272,unincorporated-area,,34.10367289,33.85103607,1.680354311,0.105852536,0.091297254,0.072753958
university-park,L.A. County Neighborhoods (V5),L.A. County Neighborhood (V5),university-park,University Park,University Park L.A. County Neighborhood (V5),1.167143547,segment-of-a-city,,37.24479287,37.58070374,1.585983764,0.102709141,0.090284467,0.067021266
valinda,L.A. County Neighborhoods (V5),L.A. County Neighborhood (V5),valinda,Valinda,Valinda L.A. County Neighborhood (V5),2.006679891,unincorporated-area,,39.41474102,39.51063538,0.80659895,0.142300953,0.13598904,0.051868269
valley-glen,L.A. County Neighborhoods (V5),L.A. County Neighborhood (V5),valley-glen,Valley Glen,Valley Glen L.A. County Neighborhood (V5),4.805544471,segment-of-a-city,,38.82873158,38.80299759,1.472414118,0.122229269,0.122608259,0.061142867
valley-village,L.A. County Neighborhoods (V5),L.A. County Neighborhood (V5),valley-village,Valley Village,Valley Village L.A. County Neighborhood (V5),2.085399773,segment-of-a-city,,37.31523369,37.21890259,1.266621075,0.140331155,0.141807318,0.062556624
val-verde,L.A. County Neighborhoods (V5),L.A. County Neighborhood (V5),val-verde,Val Verde,Val Verde L.A. County Neighborhood (V5),0.729575619,unincorporated-area,,40.61572359,40.77204514,1.326021843,0.16625606,0.157651559,0.040021068
van-nuys,L.A. County Neighborhoods (V5),L.A. County Neighborhood (V5),van-nuys,Van Nuys,Van Nuys L.A. County Neighborhood (V5),8.990908919,segment-of-a-city,,39.91976337,39.74356079,1.565486347,0.099071939,0.091832086,0.063670886
venice,L.A. County Neighborhoods (V5),L.A. County Neighborhood (V5),venice,Venice,Venice L.A. County Neighborhood (V5),3.170765841,segment-of-a-city,,32.74395792,33.19071579,1.664986436,0.117210515,0.111658677,0.075715479
vermont-knolls,L.A. County Neighborhoods (V5),L.A. County Neighborhood (V5),vermont-knolls,Vermont Knolls,Vermont Knolls L.A. County Neighborhood (V5),1.141708822,segment-of-a-city,,38.89119624,39.04993057,0.651379233,0.082514035,0.082834922,0.038110593
vermont-slauson,L.A. County Neighborhoods (V5),L.A. County Neighborhood (V5),vermont-slauson,Vermont-Slauson,Vermont-Slauson L.A. County Neighborhood (V5),1.442452565,segment-of-a-city,,39.26995937,39.3324852,0.687677131,0.084507079,0.082087904,0.03785949
vermont-square,L.A. County Neighborhoods (V5),L.A. County Neighborhood (V5),vermont-square,Vermont Square,Vermont Square L.A. County Neighborhood (V5),2.544380157,segment-of-a-city,,39.226728,39.34521866,0.670789991,0.095014888,0.094405308,0.040085401
vermont-vista,L.A. County Neighborhoods (V5),L.A. County Neighborhood (V5),vermont-vista,Vermont Vista,Vermont Vista L.A. County Neighborhood (V5),1.645532615,segment-of-a-city,,38.19831242,38.55133438,1.184961084,0.090785464,0.0911512,0.044677099
vernon,L.A. County Neighborhoods (V5),L.A. County Neighborhood (V5),vernon,Vernon,Vernon L.A. County Neighborhood (V5),5.223802834,standalone-city,,40.24320004,40.4399147,2.05092176,0.029679463,0.024876809,0.021321674
veterans-administration,L.A. County Neighborhoods (V5),L.A. County Neighborhood (V5),veterans-administration,Veterans Administration,Veterans Administration L.A. County Neighborhood (V5),0.911282078,unincorporated-area,,33.2324808,33.67048645,2.067821715,0.215198064,0.17311506,0.145022212
view-park-windsor-hills,L.A. County Neighborhoods (V5),L.A. County Neighborhood (V5),view-park-windsor-hills,View Park-Windsor Hills,View Park-Windsor Hills L.A. County Neighborhood (V5),1.841974847,unincorporated-area,,35.69647142,35.78770828,0.882395846,0.141363638,0.138715044,0.04641042
vincent,L.A. County Neighborhoods (V5),L.A. County Neighborhood (V5),vincent,Vincent,Vincent L.A. County Neighborhood (V5),1.479028461,unincorporated-area,,40.05026365,40.12805939,0.714287146,0.1318937,0.130649537,0.04708365
walnut,L.A. County Neighborhoods (V5),L.A. County Neighborhood (V5),walnut,Walnut,Walnut L.A. County Neighborhood (V5),9.013030619,standalone-city,,36.84667486,36.75440979,1.751263513,0.158105005,0.148528755,0.060839575
walnut-park,L.A. County Neighborhoods (V5),L.A. County Neighborhood (V5),walnut-park,Walnut Park,Walnut Park L.A. County Neighborhood (V5),0.734515844,unincorporated-area,,38.54802125,38.53425217,0.456149438,0.105338709,0.108255878,0.03642376
watts,L.A. County Neighborhoods (V5),L.A. County Neighborhood (V5),watts,Watts,Watts L.A. County Neighborhood (V5),2.122397318,segment-of-a-city,,38.35757555,38.40608597,0.763305393,0.108820437,0.105955847,0.042765679
west-adams,L.A. County Neighborhoods (V5),L.A. County Neighborhood (V5),west-adams,West Adams,West Adams L.A. County Neighborhood (V5),1.482008194,segment-of-a-city,,36.75895488,36.73926163,0.706632193,0.105289217,0.108288161,0.044775303
west-carson,L.A. County Neighborhoods (V5),L.A. County Neighborhood (V5),west-carson,West Carson,West Carson L.A. County Neighborhood (V5),2.279061382,unincorporated-area,,37.81583269,37.80202866,0.958561704,0.087276447,0.087796897,0.041532618
westchester,L.A. County Neighborhoods (V5),L.A. County Neighborhood (V5),westchester,Westchester,Westchester L.A. County Neighborhood (V5),10.80921171,segment-of-a-city,,34.31098172,34.38233948,1.3026399,0.093990951,0.086059242,0.073829876
west-compton,L.A. County Neighborhoods (V5),L.A. County Neighborhood (V5),west-compton,West Compton,West Compton L.A. County Neighborhood (V5),1.654364072,unincorporated-area,,39.60871136,39.59749985,1.026955381,0.059415531,0.042034045,0.049102781
west-covina,L.A. County Neighborhoods (V5),L.A. County Neighborhood (V5),west-covina,West Covina,West Covina L.A. County Neighborhood (V5),16.11455892,standalone-city,,37.96989778,38.59828949,2.213470314,0.149533228,0.144332916,0.067424316
west-hills,L.A. County Neighborhoods (V5),L.A. County Neighborhood (V5),west-hills,West Hills,West Hills L.A. County Neighborhood (V5),8.528078359,segment-of-a-city,,38.8042702,39.08607864,1.546650079,0.168084557,0.164904132,0.05412875
west-hollywood,L.A. County Neighborhoods (V5),L.A. County Neighborhood (V5),west-hollywood,West Hollywood,West Hollywood L.A. County Neighborhood (V5),1.887299832,standalone-city,,36.65327028,36.7955246,1.153008468,0.118596471,0.110633239,0.061324842
westlake,L.A. County Neighborhoods (V5),L.A. County Neighborhood (V5),westlake,Westlake,Westlake L.A. County Neighborhood (V5),2.717305535,segment-of-a-city,,38.37496203,38.65589523,1.408639308,0.071837767,0.06436421,0.0450457
westlake-village,L.A. County Neighborhoods (V5),L.A. County Neighborhood (V5),westlake-village,Westlake Village,Westlake Village L.A. County Neighborhood (V5),5.646421929,standalone-city,,34.9748106,34.97070313,2.977387403,0.164777657,0.161324337,0.082890578
west-los-angeles,L.A. County Neighborhoods (V5),L.A. County Neighborhood (V5),west-los-angeles,West Los Angeles,West Los Angeles L.A. County Neighborhood (V5),1.049573132,segment-of-a-city,,34.48556374,34.31618881,0.922844859,0.145049688,0.155498758,0.06038146
westmont,L.A. County Neighborhoods (V5),L.A. County Neighborhood (V5),westmont,Westmont,Westmont L.A. County Neighborhood (V5),1.843815835,unincorporated-area,,38.78437973,39.00951385,0.733184488,0.099200199,0.097682834,0.037088194
west-puente-valley,L.A. County Neighborhoods (V5),L.A. County Neighborhood (V5),west-puente-valley,West Puente Valley,West Puente Valley L.A. County Neighborhood (V5),1.856624473,unincorporated-area,,39.95393228,40.04998398,0.73923163,0.133974022,0.127517819,0.053068971
west-san-dimas,L.A. County Neighborhoods (V5),L.A. County Neighborhood (V5),west-san-dimas,West San Dimas,West San Dimas L.A. County Neighborhood (V5),0.329785378,unincorporated-area,,34.08411984,34.20585251,1.83919808,0.194811002,0.184068829,0.056740848
west-whittier-los-nietos,L.A. County Neighborhoods (V5),L.A. County Neighborhood (V5),west-whittier-los-nietos,West Whittier-Los Nietos,West Whittier-Los Nietos L.A. County Neighborhood (V5),2.614247763,unincorporated-area,,37.84960231,37.93936539,0.952506587,0.136454094,0.136116505,0.05832614
westwood,L.A. County Neighborhoods (V5),L.A. County Neighborhood (V5),westwood,Westwood,Westwood L.A. County Neighborhood (V5),3.675777296,segment-of-a-city,,32.95676843,32.72251511,1.738349612,0.190942225,0.182275444,0.104164324
whittier,L.A. County Neighborhoods (V5),L.A. County Neighborhood (V5),whittier,Whittier,Whittier L.A. County Neighborhood (V5),14.74064131,standalone-city,,35.72465696,36.00992966,1.962175017,0.157175053,0.152117729,0.067283245
whittier-narrows,L.A. County Neighborhoods (V5),L.A. County Neighborhood (V5),whittier-narrows,Whittier Narrows,Whittier Narrows L.A. County Neighborhood (V5),2.899539961,unincorporated-area,,35.52228039,35.65026474,3.156145392,0.173535922,0.154605761,0.098171922
willowbrook,L.A. County Neighborhoods (V5),L.A. County Neighborhood (V5),willowbrook,Willowbrook,Willowbrook L.A. County Neighborhood (V5),3.766360726,unincorporated-area,,38.27184146,38.4274559,1.386768021,0.108222829,0.106497973,0.059872968
wilmington,L.A. County Neighborhoods (V5),L.A. County Neighborhood (V5),wilmington,Wilmington,Wilmington L.A. County Neighborhood (V5),9.141292704,segment-of-a-city,,35.92456596,36.19047546,1.57792052,0.060556551,0.046483025,0.051690357
windsor-square,L.A. County Neighborhoods (V5),L.A. County Neighborhood (V5),windsor-square,Windsor Square,Windsor Square L.A. County Neighborhood (V5),0.683463802,segment-of-a-city,,34.52677337,34.29743958,1.477057683,0.191784106,0.198793262,0.059234009
winnetka,L.A. County Neighborhoods (V5),L.A. County Neighborhood (V5),winnetka,Winnetka,Winnetka L.A. County Neighborhood (V5),4.777240702,segment-of-a-city,,40.07902808,40.09008408,0.887220599,0.142266358,0.144595295,0.053297904
woodland-hills,L.A. County Neighborhoods (V5),L.A. County Neighborhood (V5),woodland-hills,Woodland Hills,Woodland Hills L.A. County Neighborhood (V5),14.76830965,segment-of-a-city,,37.80262131,37.80847168,1.776929091,0.17030431,0.169071108,0.067481898